{
  "playwright.config.ts": 1775422063.1845953,
  "process_logo.py": 1773294579.4957583,
  "vite.config.ts": 1776728166.5217085,
  "vitest.config.ts": 1776731614.4177344,
  "coverage\\block-navigation.js": 1776731828.5522006,
  "coverage\\prettify.js": 1776731828.5627794,
  "coverage\\sorter.js": 1776731828.5577803,
  "functions\\test.ts": 1773708145.2365737,
  "src\\main.tsx": 1775429763.192307,
  "src\\app\\App.test.tsx": 1774235084.342216,
  "src\\app\\App.tsx": 1774236268.77936,
  "src\\app\\components\\About.tsx": 1775439808.5481646,
  "src\\app\\components\\BackToTop.tsx": 1773212866.6020243,
  "src\\app\\components\\Committees.tsx": 1775600596.023286,
  "src\\app\\components\\CornerstoneCommittees.tsx": 1775425238.281555,
  "src\\app\\components\\Events.tsx": 1774223526.6878195,
  "src\\app\\components\\Footer.test.tsx": 1776731742.1550817,
  "src\\app\\components\\Footer.tsx": 1775626893.270899,
  "src\\app\\components\\Hero.tsx": 1776725879.4585311,
  "src\\app\\components\\IeeePurdueLogo.tsx": 1773520097.205425,
  "src\\app\\components\\JoinCTA.tsx": 1776725884.4988134,
  "src\\app\\components\\Layout.tsx": 1775425238.2895565,
  "src\\app\\components\\MagneticButton.tsx": 1773970439.8315196,
  "src\\app\\components\\Navigation.tsx": 1775626864.0277414,
  "src\\app\\components\\PageTransition.tsx": 1776728177.334553,
  "src\\app\\components\\Stats.tsx": 1775441375.2593725,
  "src\\app\\components\\TechMarquee.tsx": 1775626819.9155087,
  "src\\app\\components\\ThemeToggle.tsx": 1773215512.9001305,
  "src\\app\\components\\UXEffects.test.tsx": 1774230146.8406932,
  "src\\app\\components\\UXEffects.tsx": 1773967141.6249073,
  "src\\app\\components\\figma\\ImageWithFallback.tsx": 1773186998.703,
  "src\\app\\components\\ui\\accordion.test.tsx": 1776729455.514997,
  "src\\app\\components\\ui\\accordion.tsx": 1773186998.261,
  "src\\app\\components\\ui\\alert-dialog.tsx": 1773186998.269,
  "src\\app\\components\\ui\\alert.tsx": 1773186998.276,
  "src\\app\\components\\ui\\aspect-ratio.tsx": 1773186998.283,
  "src\\app\\components\\ui\\avatar.tsx": 1773186998.287,
  "src\\app\\components\\ui\\badge.test.tsx": 1776728438.0517902,
  "src\\app\\components\\ui\\badge.tsx": 1773186998.295,
  "src\\app\\components\\ui\\breadcrumb.tsx": 1773186998.299,
  "src\\app\\components\\ui\\button.test.tsx": 1776729312.134886,
  "src\\app\\components\\ui\\button.tsx": 1773186998.311,
  "src\\app\\components\\ui\\calendar.tsx": 1773186998.314,
  "src\\app\\components\\ui\\card.test.tsx": 1776729327.455762,
  "src\\app\\components\\ui\\card.tsx": 1775425238.293558,
  "src\\app\\components\\ui\\carousel.tsx": 1773186998.345,
  "src\\app\\components\\ui\\chart.tsx": 1773186998.37,
  "src\\app\\components\\ui\\checkbox.tsx": 1773186998.391,
  "src\\app\\components\\ui\\collapsible.tsx": 1773186998.396,
  "src\\app\\components\\ui\\command.tsx": 1773186998.4,
  "src\\app\\components\\ui\\context-menu.tsx": 1773186998.405,
  "src\\app\\components\\ui\\dialog.test.tsx": 1776729899.990043,
  "src\\app\\components\\ui\\dialog.tsx": 1773186998.412,
  "src\\app\\components\\ui\\drawer.tsx": 1773186998.416,
  "src\\app\\components\\ui\\dropdown-menu.test.tsx": 1776729911.1685717,
  "src\\app\\components\\ui\\dropdown-menu.tsx": 1773186998.42,
  "src\\app\\components\\ui\\form.tsx": 1773186998.435,
  "src\\app\\components\\ui\\hover-card.tsx": 1773186998.444,
  "src\\app\\components\\ui\\input-otp.tsx": 1773186998.456,
  "src\\app\\components\\ui\\input.test.tsx": 1776728453.9626467,
  "src\\app\\components\\ui\\input.tsx": 1773186998.464,
  "src\\app\\components\\ui\\label.tsx": 1773186998.467,
  "src\\app\\components\\ui\\MagneticWrapper.tsx": 1773970030.2231622,
  "src\\app\\components\\ui\\menubar.tsx": 1773186998.479,
  "src\\app\\components\\ui\\navigation-menu.tsx": 1773186998.488,
  "src\\app\\components\\ui\\pagination.tsx": 1773186998.526,
  "src\\app\\components\\ui\\popover.tsx": 1773186998.533,
  "src\\app\\components\\ui\\progress.tsx": 1773186998.546,
  "src\\app\\components\\ui\\radio-group.tsx": 1773186998.551,
  "src\\app\\components\\ui\\resizable.tsx": 1773186998.559,
  "src\\app\\components\\ui\\scroll-area.tsx": 1773186998.562,
  "src\\app\\components\\ui\\select.tsx": 1773186998.566,
  "src\\app\\components\\ui\\separator.tsx": 1773186998.57,
  "src\\app\\components\\ui\\sheet.tsx": 1773186998.577,
  "src\\app\\components\\ui\\sidebar.tsx": 1773186998.594,
  "src\\app\\components\\ui\\skeleton.tsx": 1773186998.603,
  "src\\app\\components\\ui\\slider.tsx": 1773186998.623,
  "src\\app\\components\\ui\\sonner.tsx": 1773186998.629,
  "src\\app\\components\\ui\\switch.tsx": 1773186998.642,
  "src\\app\\components\\ui\\table.tsx": 1773186998.646,
  "src\\app\\components\\ui\\tabs.test.tsx": 1776729406.6076577,
  "src\\app\\components\\ui\\tabs.tsx": 1773186998.66,
  "src\\app\\components\\ui\\textarea.tsx": 1773186998.664,
  "src\\app\\components\\ui\\toggle-group.tsx": 1773186998.667,
  "src\\app\\components\\ui\\toggle.tsx": 1773186998.685,
  "src\\app\\components\\ui\\tooltip.tsx": 1773186998.693,
  "src\\app\\components\\ui\\use-mobile.ts": 1773186998.697,
  "src\\app\\components\\ui\\utils.ts": 1773186998.7,
  "src\\app\\pages\\AboutUsPage.tsx": 1775601370.1604123,
  "src\\app\\pages\\CalendarPage.tsx": 1775624012.4873023,
  "src\\app\\pages\\CommitteePage.test.tsx": 1774319872.9463,
  "src\\app\\pages\\CommitteePage.tsx": 1775600582.3130903,
  "src\\app\\pages\\CommitteesPage.tsx": 1773207517.3624833,
  "src\\app\\pages\\ConstitutionPage.tsx": 1775624012.4893034,
  "src\\app\\pages\\HomePage.test.tsx": 1776731385.3337445,
  "src\\app\\pages\\HomePage.tsx": 1773207009.2135313,
  "src\\app\\pages\\JoinPage.test.tsx": 1776731048.0433125,
  "src\\app\\pages\\JoinPage.tsx": 1775621798.429864,
  "src\\app\\pages\\OfficersPage.test.tsx": 1774226233.010247,
  "src\\app\\pages\\OfficersPage.tsx": 1775600600.032195,
  "src\\app\\pages\\OfficersPageMobile.test.tsx": 1774227618.142095,
  "src\\app\\pages\\PartnersPage.test.tsx": 1776731389.8792827,
  "src\\app\\pages\\PartnersPage.tsx": 1776727933.213508,
  "src\\bones\\registry.js": 1775430155.6582563,
  "src\\data\\calendarConfig.test.ts": 1774320722.2996135,
  "src\\data\\calendarConfig.ts": 1775600935.7084708,
  "src\\data\\leadership.ts": 1776725893.0670455,
  "src\\data\\committees\\index.ts": 1776725895.976106,
  "src\\data\\committees\\types.ts": 1775425238.3095572,
  "src\\hooks\\useGoogleCalendarEvents.ts": 1773201622.5457351,
  "src\\hooks\\useSanityData.test.ts": 1776730778.0782223,
  "src\\hooks\\useSanityData.ts": 1776730014.3376389,
  "src\\lib\\sanity-config.test.ts": 1774235448.9525595,
  "src\\lib\\sanity.test.ts": 1776730619.8008454,
  "src\\lib\\sanity.ts": 1776723723.2054274,
  "src\\test\\setup.tsx": 1776731316.4798646,
  "studio\\sanity.cli.ts": 1776727630.1082466,
  "studio\\sanity.config.ts": 1775625310.6308253,
  "studio\\purdue-ieee-website\\sanity.cli.ts": 1775438823.1267316,
  "studio\\purdue-ieee-website\\sanity.config.ts": 1775438494.9486377,
  "studio\\purdue-ieee-website\\schemaTypes\\aboutPage.ts": 1775441185.4689891,
  "studio\\purdue-ieee-website\\schemaTypes\\committee.ts": 1773773703.946743,
  "studio\\purdue-ieee-website\\schemaTypes\\cornerstone.ts": 1773727663.5090582,
  "studio\\purdue-ieee-website\\schemaTypes\\homePage.ts": 1775439659.6245127,
  "studio\\purdue-ieee-website\\schemaTypes\\index.ts": 1775435826.4568484,
  "studio\\purdue-ieee-website\\schemaTypes\\leader.ts": 1774227292.3227725,
  "studio\\purdue-ieee-website\\schemaTypes\\officersConfig.ts": 1774227267.2224915,
  "studio\\schema\\aboutPage.ts": 1776727165.9450977,
  "studio\\schema\\committee.ts": 1776727151.6447387,
  "studio\\schema\\cornerstone.ts": 1776727242.119112,
  "studio\\schema\\homePage.ts": 1776727191.371098,
  "studio\\schema\\index.ts": 1776727171.5325544,
  "studio\\schema\\leader.test.ts": 1774225512.4493725,
  "studio\\schema\\leader.ts": 1776727233.2676468,